slice,accepted,g_cost
1,True,2.0137068865004473
2,True,2.0137068865004473
3,True,3.413368096926931
4,True,3.413368096926931
5,True,3.413368096926931
6,True,3.413368096926931
7,True,3.413368096926931
8,True,7.612963788991378
9,True,7.663851912144286
10,True,10.41229524706723
11,True,10.41229524706723
12,True,10.41229524706723
